,new_cases,china new cases
2020-01-23 00:00:00,2,93
2020-01-24 00:00:00,0,277
2020-01-25 00:00:00,3,483
2020-01-26 00:00:00,3,666
2020-01-27 00:00:00,0,802
2020-01-28 00:00:00,0,2632
2020-01-29 00:00:00,2,576
2020-01-30 00:00:00,0,2054
2020-01-31 00:00:00,2,1659
2020-02-01 00:00:00,1,2088
2020-02-02 00:00:00,2,4737
2020-02-03 00:00:00,0,3086
2020-02-04 00:00:00,2,3989
2020-02-05 00:00:00,4,3729
2020-02-06 00:00:00,3,3144
2020-02-07 00:00:00,1,3522
2020-02-08 00:00:00,1,2703
2020-02-09 00:00:00,3,3012
2020-02-10 00:00:00,9,2516
2020-02-11 00:00:00,11,2021
2020-02-12 00:00:00,1,372
2020-02-13 00:00:00,3,15133
2020-02-14 00:00:00,3,6460
2020-02-15 00:00:00,0,2055
2020-02-16 00:00:00,1,2099
2020-02-17 00:00:00,3,1918
2020-02-18 00:00:00,2,1775
2020-02-19 00:00:00,1,407
2020-02-20 00:00:00,5,453
2020-02-21 00:00:00,0,473
2020-02-22 00:00:00,1,1450
2020-02-23 00:00:00,5,16
2020-02-24 00:00:00,5,214
2020-02-25 00:00:00,5,508
2020-02-26 00:00:00,7,405
2020-02-27 00:00:00,1,433
2020-02-28 00:00:00,2,326
2020-02-29 00:00:00,1,427
2020-03-01 00:00:00,1,575
2020-03-02 00:00:00,4,200
2020-03-03 00:00:00,0,125
2020-03-04 00:00:00,5,120
2020-03-05 00:00:00,0,151
2020-03-06 00:00:00,2,151
2020-03-07 00:00:00,1,79
2020-03-08 00:00:00,6,47
2020-03-09 00:00:00,1,36
2020-03-10 00:00:00,5,22
2020-03-11 00:00:00,6,28
2020-03-12 00:00:00,3,8
2020-03-13 00:00:00,5,8
2020-03-14 00:00:00,6,26
2020-03-15 00:00:00,5,21
2020-03-16 00:00:00,10,20
2020-03-17 00:00:00,7,18
2020-03-18 00:00:00,19,25
2020-03-19 00:00:00,27,27
2020-03-20 00:00:00,48,46
2020-03-21 00:00:00,17,38
2020-03-22 00:00:00,44,86
2020-03-23 00:00:00,34,24
2020-03-24 00:00:00,31,63
2020-03-25 00:00:00,25,46
2020-03-26 00:00:00,45,78
2020-03-27 00:00:00,42,49
2020-03-28 00:00:00,32,60
2020-03-29 00:00:00,51,43
2020-03-30 00:00:00,46,35
2020-03-31 00:00:00,57,1590
2020-04-01 00:00:00,57,159
2020-04-02 00:00:00,47,80
2020-04-03 00:00:00,47,89
2020-04-04 00:00:00,22,76
2020-04-05 00:00:00,29,75
2020-04-06 00:00:00,32,112
2020-04-07 00:00:00,21,60
2020-04-08 00:00:00,25,192
2020-04-09 00:00:00,13,102
2020-04-10 00:00:00,16,75
2020-04-11 00:00:00,11,82
2020-04-12 00:00:00,4,165
2020-04-13 00:00:00,5,107
2020-04-14 00:00:00,3,77
2020-04-15 00:00:00,4,95
2020-04-16 00:00:00,1,105
2020-04-17 00:00:00,4,409
2020-04-18 00:00:00,2,69
2020-04-19 00:00:00,2,61
2020-04-20 00:00:00,0,61
2020-04-21 00:00:00,4,66
2020-04-22 00:00:00,4,52
2020-04-23 00:00:00,2,38
2020-04-24 00:00:00,0,46
2020-04-25 00:00:00,2,36
2020-04-26 00:00:00,0,29
2020-04-27 00:00:00,0,31
2020-04-28 00:00:00,0,62
2020-04-29 00:00:00,0,29
2020-04-30 00:00:00,0,45
2020-05-01 00:00:00,2,20
2020-05-02 00:00:00,0,8
2020-05-03 00:00:00,0,0
2020-05-04 00:00:00,1,0
2020-05-05 00:00:00,0,17
2020-05-06 00:00:00,0,22
2020-05-07 00:00:00,4,7
2020-05-08 00:00:00,0,17
2020-05-09 00:00:00,0,29
2020-05-10 00:00:00,3,36
2020-05-11 00:00:00,0,7
2020-05-12 00:00:00,0,22
2020-05-13 00:00:00,3,11
2020-05-14 00:00:00,1,15
2020-05-15 00:00:00,1,19
2020-05-16 00:00:00,0,18
2020-05-17 00:00:00,3,19
2020-05-18 00:00:00,0,27
2020-05-19 00:00:00,0,16
2020-05-20 00:00:00,0,16
2020-05-21 00:00:00,8,31
2020-05-22 00:00:00,2,43
2020-05-23 00:00:00,0,31
2020-05-24 00:00:00,0,47
2020-05-25 00:00:00,0,47
2020-05-26 00:00:00,0,30
2020-05-27 00:00:00,1,30
2020-05-28 00:00:00,0,23
2020-05-29 00:00:00,13,9
2020-05-30 00:00:00,3,6
2020-05-31 00:00:00,2,19
2020-06-01 00:00:00,3,21
2020-06-02 00:00:00,6,9
2020-06-03 00:00:00,0,3
2020-06-04 00:00:00,6,9
2020-06-05 00:00:00,3,5
2020-06-06 00:00:00,3,8
2020-06-07 00:00:00,1,8
2020-06-08 00:00:00,1,5
2020-06-09 00:00:00,0,23
2020-06-10 00:00:00,0,16
2020-06-11 00:00:00,0,10
2020-06-12 00:00:00,1,11
2020-06-13 00:00:00,1,64
2020-06-14 00:00:00,0,56
2020-06-15 00:00:00,3,58
2020-06-16 00:00:00,0,50
2020-06-17 00:00:00,8,33
2020-06-18 00:00:00,4,40
2020-06-19 00:00:00,3,3
2020-06-20 00:00:00,1,62
2020-06-21 00:00:00,3,20
2020-06-22 00:00:00,30,28
2020-06-23 00:00:00,16,19
2020-06-24 00:00:00,2,20
2020-06-25 00:00:00,14,15
2020-06-26 00:00:00,3,25
2020-06-27 00:00:00,1,28
2020-06-28 00:00:00,2,17
2020-06-29 00:00:00,4,24
2020-06-30 00:00:00,2,4
2020-07-01 00:00:00,28,5
2020-07-02 00:00:00,9,7
2020-07-03 00:00:00,5,7
2020-07-04 00:00:00,11,12
2020-07-05 00:00:00,10,10
2020-07-06 00:00:00,17,12
2020-07-07 00:00:00,14,27
2020-07-08 00:00:00,24,15
2020-07-09 00:00:00,42,5
2020-07-10 00:00:00,38,3
2020-07-11 00:00:00,28,17
2020-07-12 00:00:00,38,13
2020-07-13 00:00:00,52,6
2020-07-14 00:00:00,48,14
2020-07-15 00:00:00,19,5
2020-07-16 00:00:00,67,16
2020-07-17 00:00:00,58,22
2020-07-18 00:00:00,64,30
2020-07-19 00:00:00,108,63
2020-07-20 00:00:00,73,23
2020-07-21 00:00:00,60,18
2020-07-22 00:00:00,113,47
2020-07-23 00:00:00,118,36
2020-07-24 00:00:00,123,66
2020-07-25 00:00:00,133,102
2020-07-26 00:00:00,128,112
2020-07-27 00:00:00,145,81
2020-07-28 00:00:00,106,111
2020-07-29 00:00:00,118,81
2020-07-30 00:00:00,149,136
2020-07-31 00:00:00,121,20
2020-08-01 00:00:00,124,66
2020-08-02 00:00:00,115,59
2020-08-03 00:00:00,78,41
2020-08-04 00:00:00,80,46
2020-08-05 00:00:00,85,61
2020-08-06 00:00:00,95,56
2020-08-07 00:00:00,89,45
2020-08-08 00:00:00,69,37
2020-08-09 00:00:00,72,60
2020-08-10 00:00:00,69,72
2020-08-11 00:00:00,33,34
2020-08-12 00:00:00,62,43
2020-08-13 00:00:00,69,50
2020-08-14 00:00:00,48,50
2020-08-15 00:00:00,46,38
2020-08-16 00:00:00,74,37
2020-08-17 00:00:00,44,58
2020-08-18 00:00:00,36,34
2020-08-19 00:00:00,26,19
2020-08-20 00:00:00,18,44
2020-08-21 00:00:00,27,42
2020-08-22 00:00:00,26,45
2020-08-23 00:00:00,25,31
2020-08-24 00:00:00,9,40
2020-08-25 00:00:00,19,31
2020-08-26 00:00:00,24,17
2020-08-27 00:00:00,21,27
2020-08-28 00:00:00,13,23
2020-08-29 00:00:00,18,16
2020-08-30 00:00:00,15,21
2020-08-31 00:00:00,9,29
2020-09-01 00:00:00,12,41
2020-09-02 00:00:00,8,31
2020-09-03 00:00:00,8,35
2020-09-04 00:00:00,12,34
2020-09-05 00:00:00,7,18
2020-09-06 00:00:00,21,28
2020-09-07 00:00:00,11,25
2020-09-08 00:00:00,6,14
2020-09-09 00:00:00,6,14
2020-09-10 00:00:00,12,30
2020-09-11 00:00:00,12,27
2020-09-12 00:00:00,13,17
2020-09-13 00:00:00,19,80
2020-09-14 00:00:00,14,46
2020-09-15 00:00:00,4,19
2020-09-16 00:00:00,9,23
2020-09-17 00:00:00,9,46
2020-09-18 00:00:00,3,32
2020-09-19 00:00:00,13,34
2020-09-20 00:00:00,23,33
2020-09-21 00:00:00,6,31
2020-09-22 00:00:00,8,25
2020-09-23 00:00:00,3,22
2020-09-24 00:00:00,7,28
2020-09-25 00:00:00,2,32
2020-09-26 00:00:00,1,44
2020-09-27 00:00:00,6,42
2020-09-28 00:00:00,10,26
2020-09-29 00:00:00,4,43
2020-09-30 00:00:00,8,29
2020-10-01 00:00:00,10,22
2020-10-02 00:00:00,7,42
2020-10-03 00:00:00,4,27
2020-10-04 00:00:00,5,41
2020-10-05 00:00:00,11,39
2020-10-06 00:00:00,8,37
2020-10-07 00:00:00,11,29
2020-10-08 00:00:00,18,28
2020-10-09 00:00:00,8,30
2020-10-10 00:00:00,6,60
2020-10-11 00:00:00,7,48
2020-10-12 00:00:00,11,38
2020-10-13 00:00:00,8,33
2020-10-14 00:00:00,0,22
2020-10-15 00:00:00,12,45
2020-10-16 00:00:00,7,21
2020-10-17 00:00:00,17,23
2020-10-18 00:00:00,4,47
2020-10-19 00:00:00,15,52
2020-10-20 00:00:00,5,33
2020-10-21 00:00:00,8,26
2020-10-22 00:00:00,11,42
2020-10-23 00:00:00,4,39
2020-10-24 00:00:00,5,40
2020-10-25 00:00:00,6,35
2020-10-26 00:00:00,8,175
2020-10-27 00:00:00,5,90
2020-10-28 00:00:00,2,61
2020-10-29 00:00:00,3,17
2020-10-30 00:00:00,7,86
2020-10-31 00:00:00,3,53
2020-11-01 00:00:00,7,90
2020-11-02 00:00:00,6,77
2020-11-03 00:00:00,9,69
2020-11-04 00:00:00,3,151
2020-11-05 00:00:00,7,50
2020-11-06 00:00:00,6,56
2020-11-07 00:00:00,3,53
2020-11-08 00:00:00,10,66
2020-11-09 00:00:00,6,30
2020-11-10 00:00:00,9,41
2020-11-11 00:00:00,18,28
2020-11-12 00:00:00,23,9
2020-11-13 00:00:00,6,32
2020-11-14 00:00:00,8,19
2020-11-15 00:00:00,14,10
2020-11-16 00:00:00,8,27
2020-11-17 00:00:00,4,18
2020-11-18 00:00:00,9,15
2020-11-19 00:00:00,12,23
2020-11-20 00:00:00,26,29
2020-11-21 00:00:00,43,35
2020-11-22 00:00:00,68,21
2020-11-23 00:00:00,73,31
2020-11-24 00:00:00,80,7
2020-11-25 00:00:00,85,26
2020-11-26 00:00:00,81,6
2020-11-27 00:00:00,92,14
2020-11-28 00:00:00,84,14
2020-11-29 00:00:00,115,27
2020-11-30 00:00:00,76,27
2020-12-01 00:00:00,82,9
2020-12-02 00:00:00,103,19
2020-12-03 00:00:00,90,22
2020-12-04 00:00:00,112,27
2020-12-05 00:00:00,101,29
2020-12-06 00:00:00,95,11
2020-12-07 00:00:00,78,20
2020-12-08 00:00:00,100,16
2020-12-09 00:00:00,104,12
2020-12-10 00:00:00,112,18
2020-12-11 00:00:00,86,18
2020-12-12 00:00:00,69,39
2020-12-13 00:00:00,95,25
2020-12-14 00:00:00,82,25
2020-12-15 00:00:00,98,17
2020-12-16 00:00:00,82,15
2020-12-17 00:00:00,96,18
2020-12-18 00:00:00,70,27
2020-12-19 00:00:00,109,39
2020-12-20 00:00:00,74,32
2020-12-21 00:00:00,85,29
2020-12-22 00:00:00,63,30
2020-12-23 00:00:00,53,30
2020-12-24 00:00:00,71,27
2020-12-25 00:00:00,57,36
2020-12-26 00:00:00,59,41
2020-12-27 00:00:00,70,35
2020-12-28 00:00:00,61,43
2020-12-29 00:00:00,53,25
2020-12-30 00:00:00,54,38
2020-12-31 00:00:00,68,22
2021-01-01 00:00:00,42,36
2021-01-02 00:00:00,35,47
2021-01-03 00:00:00,41,36
2021-01-04 00:00:00,53,69
2021-01-05 00:00:00,32,64
2021-01-06 00:00:00,25,119
2021-01-07 00:00:00,33,128
2021-01-08 00:00:00,45,85
2021-01-09 00:00:00,59,106
2021-01-10 00:00:00,31,97
2021-01-11 00:00:00,41,100
2021-01-12 00:00:00,60,191
2021-01-13 00:00:00,42,134
2021-01-14 00:00:00,29,212
2021-01-15 00:00:00,38,176
2021-01-16 00:00:00,50,168
2021-01-17 00:00:00,55,196
2021-01-18 00:00:00,107,172
2021-01-19 00:00:00,56,134
2021-01-20 00:00:00,77,163
2021-01-21 00:00:00,70,168
2021-01-22 00:00:00,61,199
2021-01-23 00:00:00,81,149
2021-01-24 00:00:00,76,195
2021-01-25 00:00:00,73,42
2021-01-26 00:00:00,64,97
2021-01-27 00:00:00,60,112
2021-01-28 00:00:00,39,69
2021-01-29 00:00:00,50,82
2021-01-30 00:00:00,28,101
2021-01-31 00:00:00,53,3
2021-02-01 00:00:00,34,41
2021-02-02 00:00:00,25,34
2021-02-03 00:00:00,19,32
2021-02-04 00:00:00,22,26
2021-02-05 00:00:00,37,38
2021-02-06 00:00:00,19,20
2021-02-07 00:00:00,27,25
2021-02-08 00:00:00,32,30
2021-02-09 00:00:00,26,28
2021-02-10 00:00:00,17,6
2021-02-11 00:00:00,21,28
2021-02-12 00:00:00,24,12
2021-02-13 00:00:00,12,20
2021-02-14 00:00:00,12,25
2021-02-15 00:00:00,9,23
2021-02-16 00:00:00,8,16
2021-02-17 00:00:00,16,16
2021-02-18 00:00:00,8,30
2021-02-19 00:00:00,13,16
2021-02-20 00:00:00,15,18
2021-02-21 00:00:00,20,16
2021-02-22 00:00:00,16,16
2021-02-23 00:00:00,12,20
2021-02-24 00:00:00,17,15
2021-02-25 00:00:00,13,14
2021-02-26 00:00:00,25,15
2021-02-27 00:00:00,32,12
2021-02-28 00:00:00,22,25
2021-03-01 00:00:00,14,23
2021-03-02 00:00:00,13,14
2021-03-03 00:00:00,14,26
2021-03-04 00:00:00,9,21
2021-03-05 00:00:00,11,20
2021-03-06 00:00:00,8,37
2021-03-07 00:00:00,16,25
2021-03-08 00:00:00,9,23
2021-03-09 00:00:00,21,14
2021-03-10 00:00:00,8,27
2021-03-11 00:00:00,22,18
2021-03-12 00:00:00,60,14
2021-03-13 00:00:00,47,27
2021-03-14 00:00:00,24,15
2021-03-15 00:00:00,30,21
2021-03-16 00:00:00,18,9
2021-03-17 00:00:00,11,20
2021-03-18 00:00:00,10,17
2021-03-19 00:00:00,13,9
2021-03-20 00:00:00,8,19
2021-03-21 00:00:00,8,11
2021-03-22 00:00:00,18,16
2021-03-23 00:00:00,12,23
2021-03-24 00:00:00,10,18
2021-03-25 00:00:00,9,19
2021-03-26 00:00:00,11,43
2021-03-27 00:00:00,6,35
2021-03-28 00:00:00,1,27
2021-03-29 00:00:00,8,23
2021-03-30 00:00:00,7,14
2021-03-31 00:00:00,6,22
2021-04-01 00:00:00,13,47
2021-04-02 00:00:00,19,47
2021-04-03 00:00:00,2,36
2021-04-04 00:00:00,7,47
2021-04-05 00:00:00,16,39
2021-04-06 00:00:00,7,16
2021-04-07 00:00:00,8,29
2021-04-08 00:00:00,10,22
2021-04-09 00:00:00,14,25
2021-04-10 00:00:00,5,18
2021-04-11 00:00:00,13,38
2021-04-12 00:00:00,13,19
2021-04-13 00:00:00,13,26
2021-04-14 00:00:00,5,20
2021-04-15 00:00:00,6,26
2021-04-16 00:00:00,17,46
2021-04-17 00:00:00,18,33
2021-04-18 00:00:00,30,22
2021-04-19 00:00:00,12,23
2021-04-20 00:00:00,8,28
2021-04-21 00:00:00,1,13
2021-04-22 00:00:00,14,34
2021-04-23 00:00:00,9,30
2021-04-24 00:00:00,3,23
2021-04-25 00:00:00,6,25
2021-04-26 00:00:00,4,28
2021-04-27 00:00:00,8,22
2021-04-28 00:00:00,7,32
2021-04-29 00:00:00,15,26
2021-04-30 00:00:00,4,34
2021-05-01 00:00:00,8,27
2021-05-02 00:00:00,2,27
2021-05-03 00:00:00,2,29
2021-05-04 00:00:00,4,22
2021-05-05 00:00:00,6,14
2021-05-06 00:00:00,2,18
2021-05-07 00:00:00,3,24
2021-05-08 00:00:00,5,18
2021-05-09 00:00:00,1,20
2021-05-10 00:00:00,4,32
2021-05-11 00:00:00,1,37
2021-05-12 00:00:00,2,16
2021-05-13 00:00:00,3,20
2021-05-14 00:00:00,1,36
2021-05-15 00:00:00,3,43
2021-05-16 00:00:00,3,43
2021-05-17 00:00:00,1,36
2021-05-18 00:00:00,1,28
2021-05-19 00:00:00,1,24
2021-05-20 00:00:00,1,39
2021-05-21 00:00:00,1,35
2021-05-22 00:00:00,1,41
2021-05-23 00:00:00,2,37
2021-05-24 00:00:00,1,36
2021-05-25 00:00:00,2,29
2021-05-26 00:00:00,1,30
2021-05-27 00:00:00,0,28
2021-05-28 00:00:00,0,42
2021-05-29 00:00:00,1,23
2021-05-30 00:00:00,0,49
2021-05-31 00:00:00,4,26
2021-06-01 00:00:00,7,36
2021-06-02 00:00:00,0,39
2021-06-03 00:00:00,1,38
2021-06-04 00:00:00,1,42
2021-06-05 00:00:00,1,52
2021-06-06 00:00:00,7,29
2021-06-07 00:00:00,7,51
2021-06-08 00:00:00,3,20
2021-06-09 00:00:00,4,29
2021-06-10 00:00:00,2,47
2021-06-11 00:00:00,0,56
2021-06-12 00:00:00,3,59
2021-06-13 00:00:00,0,34
2021-06-14 00:00:00,1,41
2021-06-15 00:00:00,2,45
2021-06-16 00:00:00,1,53
2021-06-17 00:00:00,0,43
2021-06-18 00:00:00,3,51
2021-06-19 00:00:00,1,62
2021-06-20 00:00:00,1,28
2021-06-21 00:00:00,3,40
2021-06-22 00:00:00,7,42
2021-06-23 00:00:00,2,25
2021-06-24 00:00:00,7,35
2021-06-25 00:00:00,4,43
2021-06-26 00:00:00,2,35
2021-06-27 00:00:00,6,41
2021-06-28 00:00:00,3,38
2021-06-29 00:00:00,1,35
2021-06-30 00:00:00,2,20
2021-07-01 00:00:00,4,33
2021-07-02 00:00:00,11,42
2021-07-03 00:00:00,1,26
2021-07-04 00:00:00,3,38
2021-07-05 00:00:00,1,35
2021-07-06 00:00:00,1,82
2021-07-07 00:00:00,1,55
2021-07-08 00:00:00,3,30
2021-07-09 00:00:00,1,48
2021-07-10 00:00:00,1,13
2021-07-11 00:00:00,1,67
2021-07-12 00:00:00,0,38
2021-07-13 00:00:00,1,43
2021-07-14 00:00:00,3,34
2021-07-15 00:00:00,0,43
2021-07-16 00:00:00,1,49
2021-07-17 00:00:00,0,44
2021-07-18 00:00:00,2,54
2021-07-19 00:00:00,0,78
2021-07-20 00:00:00,7,18
2021-07-21 00:00:00,5,95
2021-07-22 00:00:00,1,58
2021-07-23 00:00:00,2,61
2021-07-24 00:00:00,2,50
2021-07-25 00:00:00,3,87
2021-07-26 00:00:00,0,82
2021-07-27 00:00:00,1,96
2021-07-28 00:00:00,1,57
2021-07-29 00:00:00,2,78
2021-07-30 00:00:00,2,76
2021-07-31 00:00:00,0,93
2021-08-01 00:00:00,3,129
2021-08-02 00:00:00,3,143
2021-08-03 00:00:00,4,137
2021-08-04 00:00:00,2,92
2021-08-05 00:00:00,6,177
2021-08-06 00:00:00,2,159
2021-08-07 00:00:00,7,122
2021-08-08 00:00:00,2,131
2021-08-09 00:00:00,2,139
2021-08-10 00:00:00,4,105
2021-08-11 00:00:00,1,92
2021-08-12 00:00:00,5,136
2021-08-13 00:00:00,5,67
2021-08-14 00:00:00,2,65
2021-08-15 00:00:00,1,76
2021-08-16 00:00:00,3,53
2021-08-17 00:00:00,3,44
2021-08-18 00:00:00,3,63
2021-08-19 00:00:00,5,57
2021-08-20 00:00:00,2,48
2021-08-21 00:00:00,3,49
2021-08-22 00:00:00,5,40
2021-08-23 00:00:00,5,48
2021-08-24 00:00:00,7,24
2021-08-25 00:00:00,5,34
2021-08-26 00:00:00,3,47
2021-08-27 00:00:00,17,40
2021-08-28 00:00:00,6,39
2021-08-29 00:00:00,7,39
2021-08-30 00:00:00,3,57
2021-08-31 00:00:00,2,29
2021-09-01 00:00:00,1,40
2021-09-02 00:00:00,0,46
2021-09-03 00:00:00,0,46
2021-09-04 00:00:00,1,43
2021-09-05 00:00:00,8,38
2021-09-06 00:00:00,2,49
2021-09-07 00:00:00,6,26
2021-09-08 00:00:00,2,39
2021-09-09 00:00:00,2,23
2021-09-10 00:00:00,5,45
2021-09-11 00:00:00,4,62
2021-09-12 00:00:00,3,88
2021-09-13 00:00:00,1,117
2021-09-14 00:00:00,2,76
2021-09-15 00:00:00,1,83
2021-09-16 00:00:00,0,84
2021-09-17 00:00:00,3,63
2021-09-18 00:00:00,5,75
2021-09-19 00:00:00,3,60
2021-09-20 00:00:00,5,82
2021-09-21 00:00:00,1,50
2021-09-22 00:00:00,1,50
2021-09-23 00:00:00,2,68
2021-09-24 00:00:00,7,51
2021-09-25 00:00:00,9,44
2021-09-26 00:00:00,8,47
2021-09-27 00:00:00,3,49
2021-09-28 00:00:00,13,33
2021-09-29 00:00:00,5,41
2021-09-30 00:00:00,3,53
2021-10-01 00:00:00,4,60
2021-10-02 00:00:00,5,37
2021-10-03 00:00:00,0,40
2021-10-04 00:00:00,4,40
2021-10-05 00:00:00,7,42
2021-10-06 00:00:00,6,36
2021-10-07 00:00:00,8,33
2021-10-08 00:00:00,2,31
2021-10-09 00:00:00,0,44
2021-10-10 00:00:00,31,36
2021-10-11 00:00:00,7,19
2021-10-12 00:00:00,4,35
2021-10-13 00:00:00,3,41
2021-10-14 00:00:00,1,25
2021-10-15 00:00:00,9,36
2021-10-16 00:00:00,6,34
2021-10-17 00:00:00,3,34
2021-10-18 00:00:00,5,29
2021-10-19 00:00:00,2,45
2021-10-20 00:00:00,4,39
2021-10-21 00:00:00,6,73
2021-10-22 00:00:00,2,70
2021-10-23 00:00:00,6,58
2021-10-24 00:00:00,4,48
2021-10-25 00:00:00,4,51
2021-10-26 00:00:00,3,79
2021-10-27 00:00:00,5,56
2021-10-28 00:00:00,2,85
2021-10-29 00:00:00,5,93
2021-10-30 00:00:00,3,89
2021-10-31 00:00:00,1,103
2021-11-01 00:00:00,1,80
2021-11-02 00:00:00,2,114
2021-11-03 00:00:00,3,118
2021-11-04 00:00:00,7,106
2021-11-05 00:00:00,1,97
2021-11-06 00:00:00,7,90
2021-11-07 00:00:00,1,118
2021-11-08 00:00:00,0,87
2021-11-09 00:00:00,1,116
2021-11-10 00:00:00,5,95
2021-11-11 00:00:00,3,115
2021-11-12 00:00:00,1,94
2021-11-13 00:00:00,2,90
2021-11-14 00:00:00,1,75
2021-11-15 00:00:00,6,23
2021-11-16 00:00:00,1,39
2021-11-17 00:00:00,3,48
2021-11-18 00:00:00,4,44
2021-11-19 00:00:00,1,46
2021-11-20 00:00:00,3,32
2021-11-21 00:00:00,2,45
2021-11-22 00:00:00,3,43
2021-11-23 00:00:00,6,37
2021-11-24 00:00:00,1,39
2021-11-25 00:00:00,6,35
2021-11-26 00:00:00,4,42
2021-11-27 00:00:00,3,34
2021-11-28 00:00:00,3,62
2021-11-29 00:00:00,3,57
2021-11-30 00:00:00,6,131
2021-12-01 00:00:00,3,84
2021-12-02 00:00:00,6,108
2021-12-03 00:00:00,3,114
2021-12-04 00:00:00,4,74
2021-12-05 00:00:00,9,80
2021-12-06 00:00:00,5,134
2021-12-07 00:00:00,5,79
2021-12-08 00:00:00,0,101
2021-12-09 00:00:00,7,95
2021-12-10 00:00:00,4,120
2021-12-11 00:00:00,1,77
2021-12-12 00:00:00,5,100
2021-12-13 00:00:00,2,67
2021-12-14 00:00:00,5,82
2021-12-15 00:00:00,1,99
2021-12-16 00:00:00,10,94
2021-12-17 00:00:00,7,140
2021-12-18 00:00:00,5,107
2021-12-19 00:00:00,8,140
2021-12-20 00:00:00,7,65
2021-12-21 00:00:00,8,132
2021-12-22 00:00:00,7,116
2021-12-23 00:00:00,2,105
2021-12-24 00:00:00,5,163
2021-12-25 00:00:00,25,61
2021-12-26 00:00:00,9,231
2021-12-27 00:00:00,9,369
2021-12-28 00:00:00,6,218
2021-12-29 00:00:00,14,215
2021-12-30 00:00:00,12,221
2021-12-31 00:00:00,19,254
2022-01-01 00:00:00,18,218
2022-01-02 00:00:00,26,101
2022-01-03 00:00:00,29,308
2022-01-04 00:00:00,39,136
2022-01-05 00:00:00,38,255
2022-01-06 00:00:00,33,183
2022-01-07 00:00:00,33,178
2022-01-08 00:00:00,37,210
2022-01-09 00:00:00,33,188
2022-01-10 00:00:00,24,230
2022-01-11 00:00:00,21,263
2022-01-12 00:00:00,22,218
2022-01-13 00:00:00,14,226
2022-01-14 00:00:00,9,198
2022-01-15 00:00:00,5,138
2022-01-16 00:00:00,11,263
2022-01-17 00:00:00,7,188
2022-01-18 00:00:00,18,114
2022-01-19 00:00:00,16,99
2022-01-20 00:00:00,14,91
2022-01-21 00:00:00,24,92
2022-01-22 00:00:00,26,93
2022-01-23 00:00:00,140,74
2022-01-24 00:00:00,109,66
2022-01-25 00:00:00,124,82
2022-01-26 00:00:00,107,124
2022-01-27 00:00:00,164,111
2022-01-28 00:00:00,115,110
2022-01-29 00:00:00,119,111
2022-01-30 00:00:00,81,119
2022-01-31 00:00:00,92,114
2022-02-01 00:00:00,129,90
2022-02-02 00:00:00,116,65
2022-02-03 00:00:00,142,121
2022-02-04 00:00:00,131,77
2022-02-05 00:00:00,351,96
2022-02-06 00:00:00,342,110
2022-02-07 00:00:00,614,151
2022-02-08 00:00:00,625,143
2022-02-09 00:00:00,1161,46
2022-02-10 00:00:00,986,127
2022-02-11 00:00:00,1325,155
2022-02-12 00:00:00,1514,98
2022-02-13 00:00:00,1347,112
2022-02-14 00:00:00,2071,110
2022-02-15 00:00:00,1619,142
2022-02-16 00:00:00,4285,110
2022-02-17 00:00:00,6116,111
2022-02-18 00:00:00,3629,177
2022-02-19 00:00:00,6063,218
2022-02-20 00:00:00,6067,180
2022-02-21 00:00:00,7533,164
2022-02-22 00:00:00,6211,240
2022-02-23 00:00:00,8674,239
2022-02-24 00:00:00,8798,323
2022-02-25 00:00:00,10010,323
2022-02-26 00:00:00,74534,326
2022-02-27 00:00:00,50976,264
2022-02-28 00:00:00,56178,359
2022-03-01 00:00:00,55658,355
2022-03-02 00:00:00,76341,372
2022-03-03 00:00:00,76991,411
2022-03-04 00:00:00,72682,412
2022-03-05 00:00:00,67583,470
2022-03-06 00:00:00,39801,518
2022-03-07 00:00:00,36395,748
2022-03-08 00:00:00,38751,761
2022-03-09 00:00:00,30461,666
2022-03-10 00:00:00,31402,1349
2022-03-11 00:00:00,29381,1225
2022-03-12 00:00:00,27647,1620
2022-03-13 00:00:00,32430,3438
2022-03-14 00:00:00,26908,2228
2022-03-15 00:00:00,27765,5062
2022-03-16 00:00:00,29272,4223
2022-03-17 00:00:00,21650,1890
2022-03-18 00:00:00,20082,4053
2022-03-19 00:00:00,16597,5396
2022-03-20 00:00:00,14149,2710
2022-03-21 00:00:00,14068,4393
2022-03-22 00:00:00,14152,6923
2022-03-23 00:00:00,12240,4408
2022-03-24 00:00:00,13074,4108
2022-03-25 00:00:00,10405,4843
2022-03-26 00:00:00,8841,5594
2022-03-27 00:00:00,8037,5584
2022-03-28 00:00:00,7685,6195
2022-03-29 00:00:00,7596,7315
2022-03-30 00:00:00,6981,8943
2022-03-31 00:00:00,6646,7042
2022-04-01 00:00:00,5823,9040
2022-04-02 00:00:00,4475,9309
2022-04-03 00:00:00,3709,13042
2022-04-04 00:00:00,3138,12925
2022-04-05 00:00:00,3254,16649
2022-04-06 00:00:00,2777,20378
2022-04-07 00:00:00,2644,23255
2022-04-08 00:00:00,2492,23576
2022-04-09 00:00:00,2535,24669
2022-04-10 00:00:00,1921,25988
2022-04-11 00:00:00,1407,27584
2022-04-12 00:00:00,1433,24560
2022-04-13 00:00:00,1272,29387
2022-04-14 00:00:00,1043,29520
2022-04-15 00:00:00,946,24281
2022-04-16 00:00:00,794,23436
2022-04-17 00:00:00,747,24131
2022-04-18 00:00:00,613,23134
2022-04-19 00:00:00,600,20615
2022-04-20 00:00:00,668,16165
2022-04-21 00:00:00,628,18942
2022-04-22 00:00:00,574,18453
2022-04-23 00:00:00,523,23119
2022-04-24 00:00:00,429,21316
2022-04-25 00:00:00,431,19413
2022-04-26 00:00:00,347,16772
2022-04-27 00:00:00,430,12981
2022-04-28 00:00:00,413,10392
2022-04-29 00:00:00,366,10565
2022-04-30 00:00:00,363,9737
2022-05-01 00:00:00,300,8360
2022-05-02 00:00:00,283,6775
2022-05-03 00:00:00,290,5886
2022-05-04 00:00:00,313,5347
2022-05-05 00:00:00,321,4924
2022-05-06 00:00:00,324,4503
2022-05-07 00:00:00,278,4467
2022-05-08 00:00:00,266,4407
2022-05-09 00:00:00,233,4037
2022-05-10 00:00:00,273,3269
2022-05-11 00:00:00,280,1616
2022-05-12 00:00:00,294,1913
2022-05-13 00:00:00,298,2301
2022-05-14 00:00:00,284,1887
2022-05-15 00:00:00,259,1580
2022-05-16 00:00:00,234,1198
2022-05-17 00:00:00,328,1106
2022-05-18 00:00:00,329,1197
2022-05-19 00:00:00,291,1002
2022-05-20 00:00:00,243,1109
2022-05-21 00:00:00,228,1112
2022-05-22 00:00:00,237,871
2022-05-23 00:00:00,190,782
2022-05-24 00:00:00,250,592
2022-05-25 00:00:00,251,563
2022-05-26 00:00:00,251,474
2022-05-27 00:00:00,250,399
2022-05-28 00:00:00,270,326
2022-05-29 00:00:00,237,218
2022-05-30 00:00:00,275,195
2022-05-31 00:00:00,329,155
2022-06-01 00:00:00,505,93
2022-06-02 00:00:00,489,154
2022-06-03 00:00:00,499,171
2022-06-04 00:00:00,446,0
2022-06-05 00:00:00,515,309
2022-06-06 00:00:00,543,199
2022-06-07 00:00:00,239,203
2022-06-08 00:00:00,293,218
2022-06-09 00:00:00,614,205
2022-06-10 00:00:00,668,180
2022-06-11 00:00:00,851,263
2022-06-12 00:00:00,814,176
2022-06-13 00:00:00,737,220
2022-06-14 00:00:00,849,205
2022-06-15 00:00:00,1047,209
2022-06-16 00:00:00,1179,158
2022-06-17 00:00:00,1145,134
2022-06-18 00:00:00,1276,202
2022-06-19 00:00:00,1276,159
2022-06-20 00:00:00,1327,107
2022-06-21 00:00:00,1198,138
2022-06-22 00:00:00,1447,147
2022-06-23 00:00:00,1650,128
2022-06-24 00:00:00,1860,154
2022-06-25 00:00:00,1794,132
2022-06-26 00:00:00,1917,107
2022-06-27 00:00:00,1873,119
2022-06-28 00:00:00,1685,123
2022-06-29 00:00:00,2004,153
2022-06-30 00:00:00,2358,170
2022-07-01 00:00:00,2318,133
2022-07-02 00:00:00,2227,523
2022-07-03 00:00:00,1828,469
2022-07-04 00:00:00,1841,509
2022-07-05 00:00:00,2268,496
2022-07-06 00:00:00,2815,358
2022-07-07 00:00:00,3028,455
2022-07-08 00:00:00,2945,502
2022-07-09 00:00:00,2995,456
2022-07-10 00:00:00,2992,429
2022-07-11 00:00:00,2863,451
2022-07-12 00:00:00,2769,423
2022-07-13 00:00:00,3154,352
2022-07-14 00:00:00,3674,375
2022-07-15 00:00:00,3574,548
2022-07-16 00:00:00,3762,563
2022-07-17 00:00:00,3486,693
2022-07-18 00:00:00,3436,628
2022-07-19 00:00:00,3256,633
2022-07-20 00:00:00,3805,1039
2022-07-21 00:00:00,4375,849
2022-07-22 00:00:00,4270,971
2022-07-23 00:00:00,4265,745
2022-07-24 00:00:00,4250,968
2022-07-25 00:00:00,4130,750
2022-07-26 00:00:00,4276,903
2022-07-27 00:00:00,4508,1111
2022-07-28 00:00:00,4886,110
2022-07-29 00:00:00,4884,525
2022-07-30 00:00:00,4683,441
2022-07-31 00:00:00,4634,454
2022-08-01 00:00:00,4254,393
2022-08-02 00:00:00,4123,464
2022-08-03 00:00:00,4547,421
2022-08-04 00:00:00,5020,419
2022-08-05 00:00:00,4428,509
2022-08-06 00:00:00,4602,677
2022-08-07 00:00:00,4274,861
2022-08-08 00:00:00,4040,657
2022-08-09 00:00:00,4045,150
2022-08-10 00:00:00,4593,2053
2022-08-11 00:00:00,4376,663
2022-08-12 00:00:00,4439,1546
2022-08-13 00:00:00,5308,2820
2022-08-14 00:00:00,4979,3757
2022-08-15 00:00:00,4896,1242
2022-08-16 00:00:00,5162,4181
2022-08-17 00:00:00,5757,3036
2022-08-18 00:00:00,6054,3449
2022-08-19 00:00:00,6445,2752
2022-08-20 00:00:00,6389,2128
2022-08-21 00:00:00,6513,372
2022-08-22 00:00:00,6617,3447
2022-08-23 00:00:00,6654,1851
2022-08-24 00:00:00,7884,1534
2022-08-25 00:00:00,8579,1461
2022-08-26 00:00:00,7835,383
2022-08-27 00:00:00,8457,307
2022-08-28 00:00:00,9708,3766
2022-08-29 00:00:00,8488,1774
2022-08-30 00:00:00,8848,1699
2022-08-31 00:00:00,9495,1730
2022-09-01 00:00:00,10586,2029
2022-09-02 00:00:00,9901,2117
2022-09-03 00:00:00,10426,384
2022-09-04 00:00:00,10683,3083
2022-09-05 00:00:00,10021,1587
2022-09-06 00:00:00,9373,1632
2022-09-07 00:00:00,10194,1556
2022-09-08 00:00:00,11091,1439
2022-09-09 00:00:00,10076,1350
2022-09-10 00:00:00,9787,1271
2022-09-11 00:00:00,9033,1276
2022-09-12 00:00:00,7938,1069
2022-09-13 00:00:00,7218,983
2022-09-14 00:00:00,7579,944
2022-09-15 00:00:00,8187,1039
2022-09-16 00:00:00,8999,942
2022-09-17 00:00:00,8278,657
2022-09-18 00:00:00,7322,1153
2022-09-19 00:00:00,6260,976
2022-09-20 00:00:00,5594,745
2022-09-21 00:00:00,5687,738
2022-09-22 00:00:00,5990,796
2022-09-23 00:00:00,5387,889
2022-09-24 00:00:00,5190,831
2022-09-25 00:00:00,3897,832
2022-09-26 00:00:00,4034,799
2022-09-27 00:00:00,3667,818
2022-09-28 00:00:00,3911,1198
2022-09-29 00:00:00,4269,757
2022-09-30 00:00:00,4023,863
2022-10-01 00:00:00,3907,801
2022-10-02 00:00:00,3569,756
2022-10-03 00:00:00,3529,855
2022-10-04 00:00:00,3286,913
2022-10-05 00:00:00,3642,1080
2022-10-06 00:00:00,4318,1339
2022-10-07 00:00:00,4369,1790
2022-10-08 00:00:00,4900,3092
2022-10-09 00:00:00,4890,434
2022-10-10 00:00:00,4874,2093
2022-10-11 00:00:00,4656,3474
2022-10-12 00:00:00,4788,369
2022-10-13 00:00:00,5622,1491
2022-10-14 00:00:00,5106,1459
2022-10-15 00:00:00,5424,1193
2022-10-16 00:00:00,5564,1006
2022-10-17 00:00:00,5361,901
2022-10-18 00:00:00,4954,921
2022-10-19 00:00:00,5124,936
2022-10-20 00:00:00,5433,941
2022-10-21 00:00:00,5393,976
2022-10-22 00:00:00,5953,973
2022-10-23 00:00:00,5535,990
2022-10-24 00:00:00,5406,1089
2022-10-25 00:00:00,5221,1214
2022-10-26 00:00:00,5403,1412
2022-10-27 00:00:00,6062,1241
2022-10-28 00:00:00,5656,1255
2022-10-29 00:00:00,5383,1625
2022-10-30 00:00:00,5210,2054
2022-10-31 00:00:00,4766,2872
2022-11-01 00:00:00,4418,2772
2022-11-02 00:00:00,4709,3382
2022-11-03 00:00:00,5245,3411
2022-11-04 00:00:00,4516,3905
2022-11-05 00:00:00,5111,7546
2022-11-06 00:00:00,4988,549
2022-11-07 00:00:00,5198,5927
2022-11-08 00:00:00,4649,7998
2022-11-09 00:00:00,5068,14855
2022-11-10 00:00:00,5697,1438
2022-11-11 00:00:00,5599,10858
2022-11-12 00:00:00,5723,24261
2022-11-13 00:00:00,6575,1635
2022-11-14 00:00:00,6014,15521
2022-11-15 00:00:00,5951,17595
2022-11-16 00:00:00,6656,39974
2022-11-17 00:00:00,8052,2272
2022-11-18 00:00:00,8008,23903
2022-11-19 00:00:00,8060,45462
2022-11-20 00:00:00,7736,26005
2022-11-21 00:00:00,7286,27596
2022-11-22 00:00:00,7139,1953
2022-11-23 00:00:00,7985,55616
2022-11-24 00:00:00,9219,3349
2022-11-25 00:00:00,8878,31928
2022-11-26 00:00:00,8874,34399
2022-11-27 00:00:00,8033,38503
2022-11-28 00:00:00,7793,39047
2022-11-29 00:00:00,7547,71312
2022-11-30 00:00:00,8810,4452
2022-12-01 00:00:00,10137,35394
2022-12-02 00:00:00,9996,62441
2022-12-03 00:00:00,10111,4417
2022-12-04 00:00:00,9487,30986
2022-12-05 00:00:00,9508,30253
2022-12-06 00:00:00,9952,25120
2022-12-07 00:00:00,11981,25276
2022-12-08 00:00:00,14373,21105
2022-12-09 00:00:00,13924,16862
2022-12-10 00:00:00,14377,12789
2022-12-11 00:00:00,14918,10677
2022-12-12 00:00:00,14717,8931
2022-12-13 00:00:00,13721,7236
2022-12-14 00:00:00,14870,0
2022-12-15 00:00:00,17080,0
2022-12-16 00:00:00,15726,0
2022-12-17 00:00:00,0,6202
2022-12-18 00:00:00,15774,2066
2022-12-19 00:00:00,31406,4763
2022-12-20 00:00:00,14982,95
2022-12-21 00:00:00,16953,6040
2022-12-22 00:00:00,19705,3825
2022-12-23 00:00:00,20252,4160
2022-12-24 00:00:00,21362,3033
2022-12-25 00:00:00,21255,2717
2022-12-26 00:00:00,19398,4470
2022-12-27 00:00:00,18626,5305
2022-12-28 00:00:00,20865,5188
2022-12-29 00:00:00,24895,5603
2022-12-30 00:00:00,27830,7349
2022-12-31 00:00:00,29207,5262
2023-01-01 00:00:00,23361,4637
2023-01-02 00:00:00,20230,4914
2023-01-03 00:00:00,16186,7799
2023-01-04 00:00:00,16423,9412
2023-01-05 00:00:00,18422,9650
2023-01-06 00:00:00,19722,10773
2023-01-07 00:00:00,15850,7181
2023-01-08 00:00:00,14113,14248
2023-01-09 00:00:00,11641,0
2023-01-10 00:00:00,9379,0
2023-01-11 00:00:00,9279,0
2023-01-12 00:00:00,9208,134
2023-01-13 00:00:00,8260,0
2023-01-14 00:00:00,7749,0
2023-01-15 00:00:00,6261,0
2023-01-16 00:00:00,4653,0
2023-01-17 00:00:00,3843,23
2023-01-18 00:00:00,3793,6
2023-01-19 00:00:00,4015,4
2023-01-20 00:00:00,3789,6
2023-01-21 00:00:00,3507,7
2023-01-22 00:00:00,2737,6
2023-01-23 00:00:00,2271,5
2023-01-24 00:00:00,1987,2
2023-01-25 00:00:00,2295,1
2023-01-26 00:00:00,2401,3
2023-01-27 00:00:00,2335,1
2023-01-28 00:00:00,3480,3
2023-01-29 00:00:00,3283,2
2023-01-30 00:00:00,0,1
2023-01-31 00:00:00,0,1
2023-02-01 00:00:00,0,1
2023-02-02 00:00:00,0,5
2023-02-03 00:00:00,0,2
2023-02-04 00:00:00,0,2
2023-02-05 00:00:00,0,0
2023-02-06 00:00:00,0,2
2023-02-07 00:00:00,0,4
2023-02-08 00:00:00,0,2
2023-02-09 00:00:00,0,1
2023-02-10 00:00:00,0,0
2023-02-11 00:00:00,0,1
2023-02-12 00:00:00,0,0
2023-02-13 00:00:00,0,0
2023-02-14 00:00:00,0,0
2023-02-15 00:00:00,0,3
2023-02-16 00:00:00,0,0
2023-02-17 00:00:00,0,0
2023-02-18 00:00:00,0,1
2023-02-19 00:00:00,0,0
2023-02-20 00:00:00,0,0
2023-02-21 00:00:00,0,2
2023-02-22 00:00:00,0,0
2023-02-23 00:00:00,0,0
2023-02-24 00:00:00,0,0
2023-02-25 00:00:00,0,1
2023-02-26 00:00:00,0,0
2023-02-27 00:00:00,0,0
2023-02-28 00:00:00,0,0
2023-03-01 00:00:00,0,0
2023-03-02 00:00:00,0,0
2023-03-03 00:00:00,0,0
2023-03-04 00:00:00,0,0
2023-03-05 00:00:00,0,0
2023-03-06 00:00:00,0,0
2023-03-07 00:00:00,0,0
2023-03-08 00:00:00,0,0
2023-03-09 00:00:00,0,0
